id,linkblue,target
1,ctande2,ctande2
2,jcwelc2,jcwelc2
3,jdunn2,jdunn2
4,alsp234,alsp234
5,ttsmit01,ttsmit01
6,jbho223,jbho223
7,mhuff0,mhuff0
8,rmu223,rmu223
9,wjbunt0,wjbunt0
10,hjbu222,hjbu222
11,lmmo267,lmmo267
12,wjbunt0,wjbunt0
13,hjbu222,hjbu222
14,ejen226,ejen226
15,shearl2,shearl2
16,dchun2,dchun2
17,swingr1,swingr1
18,cjmato2,cjmato2
19,jgr357,cjmato2
20,YCH311,cjmato2
21,kdod222,cjmato2
22,aswan2,cjmato2
23,jbbo231,cjmato2
24,lahu229,cjmato2
25,plcoak2,cjmato2
26,jnthom0,cjmato2
27,jnthom0,cjmato2
28,dth240,cjmato2
29,crro223,cjmato2
30,jba225,cjmato2
31,sbalfo2,jgr357
32,vrba223,YCH311
33,dlki239,kdod222
34,eagrah0,kdod222
35,herwi2,kdod222
36,MJAULT,kdod222
37,jnthom0,kdod222
38,mawill3,kdod222
39,mrhrab0,kdod222
40,ctande2,kdod222
41,jrwagn2,kdod222
42,jfoley,kdod222
43,djka227,kdod222
44,jmfilk00,kdod222
45,scsm242,kdod222
46,mjpi235,kdod222
47,khperr2,kdod222
48,rwzimm00,kdod222
49,name232,kdod222
50,cgad222,kdod222
51,srtw223,kdod222
52,jkupe0,kdod222
53,pagr224,kdod222
54,scave2,kdod222
55,scave2,kdod222
56,aolso2,kdod222
57,vva225,kdod222
58,ppa302,kdod222
59,pjame2,aswan2
60,asand1,jbbo231
61,sctr225,lahu229
62,bsz222,plcoak2
63,bsz222,jnthom0
64,bsz222,jnthom0
65,bsz222,dth240
66,bsz222,crro223
67,jrth243,jba225
68,mellon,sbalfo2
69,rpe233,vrba223
70,rpe233,dlki239
71,crol226,eagrah0
72,pkarne2,herwi2
73,ajball3,MJAULT
74,edak223,jnthom0
75,PWEST2,mawill3
76,elabne0,mrhrab0
77,JFCOST0,ctande2
78,eha334,ctande2
79,JFCOST0,ctande2
80,rdowd0,ctande2
81,rrbr222,ctande2
82,rrbr222,ctande2
83,amli227,ctande2
84,amli227,ctande2
85,cjkn225,ctande2
86,rrbr222,ctande2
87,PCTA224,ctande2
88,sth236,ctande2
89,RSH226,ctande2
90,RADAM3,ctande2
91,agte224,ctande2
92,AYEF223,ctande2
93,cbarno2,ctande2
94,kgr283,ctande2
95,famc225,ctande2
96,RCR234,ctande2
97,aghoov2,ctande2
98,aghoov2,ctande2
99,ademi0,ctande2
100,tka234,ctande2
101,rwharr00,ctande2
102,jsra234,ctande2
103,montross,ctande2
104,rwharr00,ctande2
105,tjhann00,ctande2
106,rpalli,ctande2
107,pdyk,ctande2
108,stringer,ctande2
109,mawillia,jrwagn2
110,csa233,jrwagn2
111,rlmccu2,jrwagn2
112,rpalli,jrwagn2
113,mlee6,jrwagn2
114,jhunter,jrwagn2
115,klja223,jrwagn2
116,basp238,jrwagn2
117,lsbrys2,jrwagn2
118,skro233,jrwagn2
119,sccant00,jrwagn2
120,scave2,jrwagn2
121,scave2,jrwagn2
122,lmc305,jrwagn2
123,yjo229,jrwagn2
124,mamo320,jrwagn2
125,jfdu227,jrwagn2
126,jnmacl2,jrwagn2
127,cgad222,jrwagn2
128,abhijit,jrwagn2
,,jrwagn2
,,jrwagn2
,,jrwagn2
,,jrwagn2
,,jrwagn2
,,jrwagn2
,,jrwagn2
,,jrwagn2
,,jrwagn2
,,jrwagn2
,,jrwagn2
,,jrwagn2
,,jfoley
,,djka227
,,mjpi235
,,khperr2
,,rwzimm00
,,name232
,,cgad222
,,srtw223
,,jkupe0
,,pagr224
,,scave2
,,scave2
,,aolso2
,,vva225
,,ppa302
,,pjame2
,,asand1
,,sctr225
,,bsz222
,,bsz222
,,bsz222
,,bsz222
,,bsz222
,,jrth243
,,mellon
,,rpe233
,,rpe233
,,crol226
,,pkarne2
,,ajball3
,,edak223
,,PWEST2
,,elabne0
,,JFCOST0
,,eha334
,,JFCOST0
,,rdowd0
,,rrbr222
,,rrbr222
,,amli227
,,amli227
,,amli227
,,amli227
,,amli227
,,amli227
,,amli227
,,amli227
,,amli227
,,amli227
,,amli227
,,amli227
,,amli227
,,amli227
,,amli227
,,amli227
,,amli227
,,amli227
,,amli227
,,amli227
,,amli227
,,amli227
,,amli227
,,amli227
,,amli227
,,amli227
,,amli227
,,cjkn225
,,rrbr222
,,PCTA224
,,RSH226
,,RADAM3
,,AYEF223
,,kgr283
,,famc225
,,RCR234
,,aghoov2
,,aghoov2
,,ademi0
,,tka234
,,rwharr00
,,jsra234
,,montross
,,rwharr00
,,tjhann00
,,rpalli
,,pdyk
,,stringer
,,mawillia
,,csa233
,,rlmccu2
,,rpalli
,,mlee6
,,jhunter
,,klja223
,,basp238
,,lsbrys2
,,skro233
,,sccant00
,,scave2
,,scave2
,,lmc305
,,yjo229
,,mamo320
,,jfdu227
,,jnmacl2
,,jnmacl2
,,jnmacl2
,,jnmacl2
,,jnmacl2
,,jnmacl2
,,jnmacl2
,,jnmacl2
,,jnmacl2
,,jnmacl2
,,jnmacl2
,,jnmacl2
,,jnmacl2
,,jnmacl2
,,cgad222
,,abhijit